window_start,zone,event_time_count,processing_time_count,expected_count,completeness_pct,side_output_count
2026-03-01T08:00:00+00:00,Airport,6,5,6,100.0,0
2026-03-01T08:00:00+00:00,Downtown,19,17,19,100.0,0
2026-03-01T08:00:00+00:00,Harbor,17,13,17,100.0,0
2026-03-01T08:15:00+00:00,Airport,6,7,6,100.0,0
2026-03-01T08:15:00+00:00,Downtown,18,17,18,100.0,0
2026-03-01T08:15:00+00:00,Harbor,22,26,22,100.0,0
2026-03-01T08:30:00+00:00,Airport,9,7,9,100.0,0
2026-03-01T08:30:00+00:00,Downtown,24,25,24,100.0,0
2026-03-01T08:30:00+00:00,Harbor,16,15,17,94.12,1
2026-03-01T08:45:00+00:00,Airport,9,10,9,100.0,0
2026-03-01T08:45:00+00:00,Downtown,17,17,17,100.0,0
2026-03-01T08:45:00+00:00,Harbor,19,19,20,95.0,1
2026-03-01T09:00:00+00:00,Airport,0,1,0,,0
2026-03-01T09:00:00+00:00,Downtown,0,2,0,,0
2026-03-01T09:00:00+00:00,Harbor,0,1,0,,0
2026-03-01T12:00:00+00:00,Airport,7,4,7,100.0,0
2026-03-01T12:00:00+00:00,Downtown,8,7,8,100.0,0
2026-03-01T12:00:00+00:00,Harbor,9,8,9,100.0,0
2026-03-01T12:15:00+00:00,Airport,7,9,7,100.0,0
2026-03-01T12:15:00+00:00,Downtown,10,11,10,100.0,0
2026-03-01T12:15:00+00:00,Harbor,10,10,10,100.0,0
2026-03-01T12:30:00+00:00,Airport,6,7,6,100.0,0
2026-03-01T12:30:00+00:00,Downtown,8,8,8,100.0,0
2026-03-01T12:30:00+00:00,Harbor,10,11,10,100.0,0
2026-03-01T12:45:00+00:00,Airport,6,6,6,100.0,0
2026-03-01T12:45:00+00:00,Downtown,8,8,8,100.0,0
2026-03-01T12:45:00+00:00,Harbor,9,9,9,100.0,0
2026-03-01T17:00:00+00:00,Airport,15,15,15,100.0,0
2026-03-01T17:00:00+00:00,Downtown,30,29,30,100.0,0
2026-03-01T17:00:00+00:00,Harbor,29,27,31,93.55,2
2026-03-01T17:15:00+00:00,Airport,9,8,9,100.0,0
2026-03-01T17:15:00+00:00,Downtown,36,31,36,100.0,0
2026-03-01T17:15:00+00:00,Harbor,36,34,37,97.3,1
2026-03-01T17:30:00+00:00,Airport,15,16,15,100.0,0
2026-03-01T17:30:00+00:00,Downtown,34,37,34,100.0,0
2026-03-01T17:30:00+00:00,Harbor,38,34,39,97.44,1
2026-03-01T17:45:00+00:00,Airport,18,15,18,100.0,0
2026-03-01T17:45:00+00:00,Downtown,28,29,28,100.0,0
2026-03-01T17:45:00+00:00,Harbor,17,25,17,100.0,0
2026-03-01T18:00:00+00:00,Airport,17,19,17,100.0,0
2026-03-01T18:00:00+00:00,Downtown,28,28,28,100.0,0
2026-03-01T18:00:00+00:00,Harbor,41,41,43,95.35,2
2026-03-01T18:15:00+00:00,Airport,20,18,20,100.0,0
2026-03-01T18:15:00+00:00,Downtown,43,40,43,100.0,0
2026-03-01T18:15:00+00:00,Harbor,44,40,45,97.78,1
2026-03-01T18:30:00+00:00,Airport,29,27,29,100.0,0
2026-03-01T18:30:00+00:00,Downtown,41,44,41,100.0,0
2026-03-01T18:30:00+00:00,Harbor,29,30,29,100.0,0
2026-03-01T18:45:00+00:00,Airport,22,24,22,100.0,0
2026-03-01T18:45:00+00:00,Downtown,46,47,46,100.0,0
2026-03-01T18:45:00+00:00,Harbor,46,47,46,100.0,0
2026-03-01T19:00:00+00:00,Airport,0,3,0,,0
2026-03-01T19:00:00+00:00,Downtown,0,1,0,,0
2026-03-01T19:00:00+00:00,Harbor,0,5,0,,0
2026-03-01T19:15:00+00:00,Harbor,0,1,0,,0
2026-03-02T08:00:00+00:00,Airport,10,9,10,100.0,0
2026-03-02T08:00:00+00:00,Downtown,23,20,23,100.0,0
2026-03-02T08:00:00+00:00,Harbor,20,25,20,100.0,0
2026-03-02T08:15:00+00:00,Airport,8,9,8,100.0,0
2026-03-02T08:15:00+00:00,Downtown,29,27,29,100.0,0
2026-03-02T08:15:00+00:00,Harbor,12,11,12,100.0,0
2026-03-02T08:30:00+00:00,Airport,11,10,11,100.0,0
2026-03-02T08:30:00+00:00,Downtown,21,23,21,100.0,0
2026-03-02T08:30:00+00:00,Harbor,23,23,23,100.0,0
2026-03-02T08:45:00+00:00,Airport,16,17,16,100.0,0
2026-03-02T08:45:00+00:00,Downtown,18,20,18,100.0,0
2026-03-02T08:45:00+00:00,Harbor,14,13,14,100.0,0
2026-03-02T09:00:00+00:00,Downtown,0,1,0,,0
2026-03-02T09:00:00+00:00,Harbor,0,2,0,,0
2026-03-02T12:00:00+00:00,Airport,4,4,4,100.0,0
2026-03-02T12:00:00+00:00,Downtown,10,9,10,100.0,0
2026-03-02T12:00:00+00:00,Harbor,5,5,5,100.0,0
2026-03-02T12:15:00+00:00,Airport,5,5,5,100.0,0
2026-03-02T12:15:00+00:00,Downtown,12,12,12,100.0,0
2026-03-02T12:15:00+00:00,Harbor,6,5,6,100.0,0
2026-03-02T12:30:00+00:00,Airport,6,6,6,100.0,0
2026-03-02T12:30:00+00:00,Downtown,8,7,8,100.0,0
2026-03-02T12:30:00+00:00,Harbor,8,8,8,100.0,0
2026-03-02T12:45:00+00:00,Airport,4,4,4,100.0,0
2026-03-02T12:45:00+00:00,Downtown,8,9,8,100.0,0
2026-03-02T12:45:00+00:00,Harbor,7,8,7,100.0,0
2026-03-02T13:00:00+00:00,Downtown,0,1,0,,0
2026-03-02T17:00:00+00:00,Airport,24,22,24,100.0,0
2026-03-02T17:00:00+00:00,Downtown,33,33,33,100.0,0
2026-03-02T17:00:00+00:00,Harbor,30,28,30,100.0,0
2026-03-02T17:15:00+00:00,Airport,12,12,12,100.0,0
2026-03-02T17:15:00+00:00,Downtown,29,25,29,100.0,0
2026-03-02T17:15:00+00:00,Harbor,32,33,34,94.12,2
2026-03-02T17:30:00+00:00,Airport,21,20,21,100.0,0
2026-03-02T17:30:00+00:00,Downtown,30,33,30,100.0,0
2026-03-02T17:30:00+00:00,Harbor,27,21,29,93.1,2
2026-03-02T17:45:00+00:00,Airport,11,13,11,100.0,0
2026-03-02T17:45:00+00:00,Downtown,29,28,29,100.0,0
2026-03-02T17:45:00+00:00,Harbor,26,31,28,92.86,2
2026-03-02T18:00:00+00:00,Airport,22,23,22,100.0,0
2026-03-02T18:00:00+00:00,Downtown,29,30,29,100.0,0
2026-03-02T18:00:00+00:00,Harbor,39,39,40,97.5,1
2026-03-02T18:15:00+00:00,Airport,16,15,16,100.0,0
2026-03-02T18:15:00+00:00,Downtown,40,38,40,100.0,0
2026-03-02T18:15:00+00:00,Harbor,38,39,38,100.0,0
2026-03-02T18:30:00+00:00,Airport,23,19,23,100.0,0
2026-03-02T18:30:00+00:00,Downtown,39,38,39,100.0,0
2026-03-02T18:30:00+00:00,Harbor,46,43,46,100.0,0
2026-03-02T18:45:00+00:00,Airport,20,24,20,100.0,0
2026-03-02T18:45:00+00:00,Downtown,42,45,42,100.0,0
2026-03-02T18:45:00+00:00,Harbor,47,45,47,100.0,0
2026-03-02T19:00:00+00:00,Airport,0,1,0,,0
2026-03-02T19:00:00+00:00,Downtown,0,1,0,,0
2026-03-02T19:00:00+00:00,Harbor,0,6,0,,0
2026-03-03T08:00:00+00:00,Airport,9,8,9,100.0,0
2026-03-03T08:00:00+00:00,Downtown,31,30,31,100.0,0
2026-03-03T08:00:00+00:00,Harbor,19,23,20,95.0,1
2026-03-03T08:15:00+00:00,Airport,10,11,10,100.0,0
2026-03-03T08:15:00+00:00,Downtown,17,17,17,100.0,0
2026-03-03T08:15:00+00:00,Harbor,20,19,20,100.0,0
2026-03-03T08:30:00+00:00,Airport,6,6,6,100.0,0
2026-03-03T08:30:00+00:00,Downtown,24,23,24,100.0,0
2026-03-03T08:30:00+00:00,Harbor,19,20,19,100.0,0
2026-03-03T08:45:00+00:00,Airport,14,11,14,100.0,0
2026-03-03T08:45:00+00:00,Downtown,16,17,16,100.0,0
2026-03-03T08:45:00+00:00,Harbor,15,17,15,100.0,0
2026-03-03T09:00:00+00:00,Airport,0,3,0,,0
2026-03-03T09:00:00+00:00,Downtown,0,1,0,,0
2026-03-03T09:00:00+00:00,Harbor,0,1,0,,0
2026-03-03T12:00:00+00:00,Airport,5,5,5,100.0,0
2026-03-03T12:00:00+00:00,Downtown,10,10,10,100.0,0
2026-03-03T12:00:00+00:00,Harbor,11,10,11,100.0,0
2026-03-03T12:15:00+00:00,Airport,1,1,1,100.0,0
2026-03-03T12:15:00+00:00,Downtown,12,10,12,100.0,0
2026-03-03T12:15:00+00:00,Harbor,3,4,3,100.0,0
2026-03-03T12:30:00+00:00,Airport,5,5,5,100.0,0
2026-03-03T12:30:00+00:00,Downtown,6,8,6,100.0,0
2026-03-03T12:30:00+00:00,Harbor,6,6,6,100.0,0
2026-03-03T12:45:00+00:00,Airport,3,2,3,100.0,0
2026-03-03T12:45:00+00:00,Downtown,5,4,5,100.0,0
2026-03-03T12:45:00+00:00,Harbor,7,6,7,100.0,0
2026-03-03T13:00:00+00:00,Airport,0,1,0,,0
2026-03-03T13:00:00+00:00,Downtown,0,1,0,,0
2026-03-03T13:00:00+00:00,Harbor,0,1,0,,0
2026-03-03T17:00:00+00:00,Airport,22,20,22,100.0,0
2026-03-03T17:00:00+00:00,Downtown,37,34,37,100.0,0
2026-03-03T17:00:00+00:00,Harbor,35,31,36,97.22,1
2026-03-03T17:15:00+00:00,Airport,13,14,13,100.0,0
2026-03-03T17:15:00+00:00,Downtown,30,28,30,100.0,0
2026-03-03T17:15:00+00:00,Harbor,17,21,17,100.0,0
2026-03-03T17:30:00+00:00,Airport,11,11,11,100.0,0
2026-03-03T17:30:00+00:00,Downtown,18,22,18,100.0,0
2026-03-03T17:30:00+00:00,Harbor,47,41,49,95.92,2
2026-03-03T17:45:00+00:00,Airport,19,19,19,100.0,0
2026-03-03T17:45:00+00:00,Downtown,26,24,26,100.0,0
2026-03-03T17:45:00+00:00,Harbor,25,27,27,92.59,2
2026-03-03T18:00:00+00:00,Airport,19,18,19,100.0,0
2026-03-03T18:00:00+00:00,Downtown,29,31,29,100.0,0
2026-03-03T18:00:00+00:00,Harbor,45,46,46,97.83,1
2026-03-03T18:15:00+00:00,Airport,23,21,23,100.0,0
2026-03-03T18:15:00+00:00,Downtown,42,40,42,100.0,0
2026-03-03T18:15:00+00:00,Harbor,42,42,42,100.0,0
2026-03-03T18:30:00+00:00,Airport,18,22,18,100.0,0
2026-03-03T18:30:00+00:00,Downtown,46,48,46,100.0,0
2026-03-03T18:30:00+00:00,Harbor,36,38,36,100.0,0
2026-03-03T18:45:00+00:00,Airport,24,20,24,100.0,0
2026-03-03T18:45:00+00:00,Downtown,38,36,38,100.0,0
2026-03-03T18:45:00+00:00,Harbor,57,53,57,100.0,0
2026-03-03T19:00:00+00:00,Airport,0,4,0,,0
2026-03-03T19:00:00+00:00,Downtown,0,3,0,,0
2026-03-03T19:00:00+00:00,Harbor,0,6,0,,0
2026-03-03T19:45:00+00:00,Harbor,0,1,0,,0
2026-03-04T08:00:00+00:00,Airport,17,16,17,100.0,0
2026-03-04T08:00:00+00:00,Downtown,18,17,18,100.0,0
2026-03-04T08:00:00+00:00,Harbor,21,24,23,91.3,2
2026-03-04T08:15:00+00:00,Airport,6,6,6,100.0,0
2026-03-04T08:15:00+00:00,Downtown,17,17,17,100.0,0
2026-03-04T08:15:00+00:00,Harbor,21,20,21,100.0,0
2026-03-04T08:30:00+00:00,Airport,11,11,11,100.0,0
2026-03-04T08:30:00+00:00,Downtown,25,24,25,100.0,0
2026-03-04T08:30:00+00:00,Harbor,20,22,21,95.24,1
2026-03-04T08:45:00+00:00,Airport,11,12,11,100.0,0
2026-03-04T08:45:00+00:00,Downtown,20,21,20,100.0,0
2026-03-04T08:45:00+00:00,Harbor,19,17,19,100.0,0
2026-03-04T09:00:00+00:00,Downtown,0,1,0,,0
2026-03-04T09:00:00+00:00,Harbor,0,3,0,,0
2026-03-04T12:00:00+00:00,Airport,7,7,7,100.0,0
2026-03-04T12:00:00+00:00,Downtown,8,8,8,100.0,0
2026-03-04T12:00:00+00:00,Harbor,15,14,15,100.0,0
2026-03-04T12:15:00+00:00,Airport,4,4,4,100.0,0
2026-03-04T12:15:00+00:00,Downtown,8,7,8,100.0,0
2026-03-04T12:15:00+00:00,Harbor,8,7,9,88.89,1
2026-03-04T12:30:00+00:00,Airport,7,6,7,100.0,0
2026-03-04T12:30:00+00:00,Downtown,7,8,7,100.0,0
2026-03-04T12:30:00+00:00,Harbor,10,11,10,100.0,0
2026-03-04T12:45:00+00:00,Airport,5,6,5,100.0,0
2026-03-04T12:45:00+00:00,Downtown,8,8,8,100.0,0
2026-03-04T12:45:00+00:00,Harbor,12,13,12,100.0,0
2026-03-04T13:15:00+00:00,Harbor,0,1,0,,0
2026-03-04T17:00:00+00:00,Airport,10,8,10,100.0,0
2026-03-04T17:00:00+00:00,Downtown,26,22,26,100.0,0
2026-03-04T17:00:00+00:00,Harbor,30,26,31,96.77,1
2026-03-04T17:15:00+00:00,Airport,9,11,9,100.0,0
2026-03-04T17:15:00+00:00,Downtown,41,44,41,100.0,0
2026-03-04T17:15:00+00:00,Harbor,32,29,32,100.0,0
2026-03-04T17:30:00+00:00,Airport,19,14,19,100.0,0
2026-03-04T17:30:00+00:00,Downtown,27,25,27,100.0,0
2026-03-04T17:30:00+00:00,Harbor,22,29,25,88.0,3
2026-03-04T17:45:00+00:00,Airport,14,18,14,100.0,0
2026-03-04T17:45:00+00:00,Downtown,21,22,21,100.0,0
2026-03-04T17:45:00+00:00,Harbor,28,29,28,100.0,0
2026-03-04T18:00:00+00:00,Airport,23,23,23,100.0,0
2026-03-04T18:00:00+00:00,Downtown,37,33,37,100.0,0
2026-03-04T18:00:00+00:00,Harbor,54,48,54,100.0,0
2026-03-04T18:15:00+00:00,Airport,22,22,22,100.0,0
2026-03-04T18:15:00+00:00,Downtown,39,41,39,100.0,0
2026-03-04T18:15:00+00:00,Harbor,42,44,42,100.0,0
2026-03-04T18:30:00+00:00,Airport,16,16,16,100.0,0
2026-03-04T18:30:00+00:00,Downtown,46,46,46,100.0,0
2026-03-04T18:30:00+00:00,Harbor,31,33,31,100.0,0
2026-03-04T18:45:00+00:00,Airport,13,13,13,100.0,0
2026-03-04T18:45:00+00:00,Downtown,47,46,47,100.0,0
2026-03-04T18:45:00+00:00,Harbor,38,34,38,100.0,0
2026-03-04T19:00:00+00:00,Airport,0,1,0,,0
2026-03-04T19:00:00+00:00,Downtown,0,5,0,,0
2026-03-04T19:00:00+00:00,Harbor,0,5,0,,0
2026-03-05T08:00:00+00:00,Airport,8,5,8,100.0,0
2026-03-05T08:00:00+00:00,Downtown,28,28,28,100.0,0
2026-03-05T08:00:00+00:00,Harbor,16,23,17,94.12,1
2026-03-05T08:15:00+00:00,Airport,14,14,14,100.0,0
2026-03-05T08:15:00+00:00,Downtown,31,28,31,100.0,0
2026-03-05T08:15:00+00:00,Harbor,27,25,27,100.0,0
2026-03-05T08:30:00+00:00,Airport,9,12,9,100.0,0
2026-03-05T08:30:00+00:00,Downtown,23,24,23,100.0,0
2026-03-05T08:30:00+00:00,Harbor,20,19,20,100.0,0
2026-03-05T08:45:00+00:00,Airport,8,7,8,100.0,0
2026-03-05T08:45:00+00:00,Downtown,20,19,20,100.0,0
2026-03-05T08:45:00+00:00,Harbor,24,25,25,96.0,1
2026-03-05T09:00:00+00:00,Airport,0,1,0,,0
2026-03-05T09:00:00+00:00,Downtown,0,3,0,,0
2026-03-05T09:30:00+00:00,Harbor,0,1,0,,0
2026-03-05T10:00:00+00:00,Harbor,0,1,0,,0
2026-03-05T12:00:00+00:00,Airport,7,7,7,100.0,0
2026-03-05T12:00:00+00:00,Downtown,11,10,11,100.0,0
2026-03-05T12:00:00+00:00,Harbor,10,10,10,100.0,0
2026-03-05T12:15:00+00:00,Airport,1,0,1,100.0,0
2026-03-05T12:15:00+00:00,Downtown,12,12,12,100.0,0
2026-03-05T12:15:00+00:00,Harbor,10,9,10,100.0,0
2026-03-05T12:30:00+00:00,Airport,2,3,2,100.0,0
2026-03-05T12:30:00+00:00,Downtown,12,13,12,100.0,0
2026-03-05T12:30:00+00:00,Harbor,15,16,15,100.0,0
2026-03-05T12:45:00+00:00,Airport,4,3,4,100.0,0
2026-03-05T12:45:00+00:00,Downtown,14,14,14,100.0,0
2026-03-05T12:45:00+00:00,Harbor,12,11,12,100.0,0
2026-03-05T13:00:00+00:00,Airport,0,1,0,,0
2026-03-05T13:00:00+00:00,Harbor,0,1,0,,0
2026-03-05T17:00:00+00:00,Airport,9,9,9,100.0,0
2026-03-05T17:00:00+00:00,Downtown,30,26,30,100.0,0
2026-03-05T17:00:00+00:00,Harbor,31,27,32,96.88,1
2026-03-05T17:15:00+00:00,Airport,16,15,16,100.0,0
2026-03-05T17:15:00+00:00,Downtown,29,28,29,100.0,0
2026-03-05T17:15:00+00:00,Harbor,28,28,29,96.55,1
2026-03-05T17:30:00+00:00,Airport,11,11,11,100.0,0
2026-03-05T17:30:00+00:00,Downtown,20,25,20,100.0,0
2026-03-05T17:30:00+00:00,Harbor,24,26,25,96.0,1
2026-03-05T17:45:00+00:00,Airport,22,21,22,100.0,0
2026-03-05T17:45:00+00:00,Downtown,22,21,22,100.0,0
2026-03-05T17:45:00+00:00,Harbor,37,37,37,100.0,0
2026-03-05T18:00:00+00:00,Airport,19,20,19,100.0,0
2026-03-05T18:00:00+00:00,Downtown,35,35,35,100.0,0
2026-03-05T18:00:00+00:00,Harbor,46,42,47,97.87,1
2026-03-05T18:15:00+00:00,Airport,18,17,18,100.0,0
2026-03-05T18:15:00+00:00,Downtown,39,38,39,100.0,0
2026-03-05T18:15:00+00:00,Harbor,37,42,39,94.87,2
2026-03-05T18:30:00+00:00,Airport,16,17,16,100.0,0
2026-03-05T18:30:00+00:00,Downtown,34,35,34,100.0,0
2026-03-05T18:30:00+00:00,Harbor,33,32,33,100.0,0
2026-03-05T18:45:00+00:00,Airport,22,21,22,100.0,0
2026-03-05T18:45:00+00:00,Downtown,38,33,38,100.0,0
2026-03-05T18:45:00+00:00,Harbor,38,38,38,100.0,0
2026-03-05T19:00:00+00:00,Airport,0,2,0,,0
2026-03-05T19:00:00+00:00,Downtown,0,6,0,,0
2026-03-05T19:00:00+00:00,Harbor,0,7,0,,0
2026-03-05T19:30:00+00:00,Harbor,0,1,0,,0
2026-03-06T08:00:00+00:00,Harbor,0,2,0,,0
